Size,Runtime
(bytes),(seconds)
      2560,0.00198507
      3072,0.00199389
      3584,0.00199389
      4096,0.00199413
      5120,0.00199389
      6144,0.00199008
      7168,0.00199389
      8192,0.00199389
     10240,0.00199389
     12288,0.00199413
     14336,0.00199294
     16384,0.00196695
     20480,0.00196719
     24576,0.00196600
     28672,0.00199389
     32768,0.00196695
     40960,0.00199890
     49152,0.00196910
     57344,0.00199485
     65536,0.00196600
     81920,0.00197196
     98304,0.00196719
    114688,0.00199294
    131072,0.00196505
    163840,0.00199413
    196608,0.00199389
    229376,0.00196385
    262144,0.00202394
    327680,0.00196695
    393216,0.00199509
    458752,0.00196600
    524288,0.00197721
    655360,0.00199294
    786432,0.00199413
    917504,0.00201893
   1048576,0.00196600
   1310720,0.00196314
   1572864,0.00199294
   1835008,0.00196409
   2097152,0.00196505
   2621440,0.00199389
   3145728,0.00199485
   3670016,0.00199103
   4194304,0.00196409
   5242880,0.00196600
   6291456,0.00199389
   7340032,0.00199389
   8388608,0.00199485
  10485760,0.00199509
  12582912,0.00199413
  14680064,0.00198913
  16777216,0.00199389
  20971520,0.00199509
  25165824,0.00199509
  29360128,0.00199485
  33554432,0.00199389
  41943040,0.00196600
  50331648,0.00196600
  58720256,0.00199413
  67108864,0.00199294
  83886080,0.00199389
 100663296,0.00196600
 117440512,0.00202084
 134217728,0.00199509
