Size,Runtime
(bytes),(seconds)
      2560,0.00196314
      3072,0.00199389
      3584,0.00199389
      4096,0.00199199
      5120,0.00199413
      6144,0.00199485
      7168,0.00197315
      8192,0.00199199
     10240,0.00199389
     12288,0.00196695
     14336,0.00196600
     16384,0.00196791
     20480,0.00199389
     24576,0.00199389
     28672,0.00199485
     32768,0.00196600
     40960,0.00199413
     49152,0.00199413
     57344,0.00199199
     65536,0.00199413
     81920,0.00199413
     98304,0.00199485
    114688,0.00196695
    131072,0.00199509
    163840,0.00199294
    196608,0.00199485
    229376,0.00196409
    262144,0.00199413
    327680,0.00199413
    393216,0.00198698
    458752,0.00199389
    524288,0.00199413
    655360,0.00199509
    786432,0.00196600
    917504,0.00295305
   1048576,0.00299096
   1310720,0.00199389
   1572864,0.00197101
   1835008,0.00199413
   2097152,0.00199509
   2621440,0.00199389
   3145728,0.00199485
   3670016,0.00196695
   4194304,0.00196600
   5242880,0.00199389
   6291456,0.00199389
   7340032,0.00199389
   8388608,0.00197911
  10485760,0.00199389
  12582912,0.00199413
  14680064,0.00199294
  16777216,0.00199008
  20971520,0.00196600
  25165824,0.00196600
  29360128,0.00199413
  33554432,0.00199389
  41943040,0.00199389
  50331648,0.00198603
  58720256,0.00199413
  67108864,0.00199485
  83886080,0.00199413
 100663296,0.00196600
 117440512,0.00199199
 134217728,0.00199389
