Size,Runtime
(bytes),(seconds)
      2560,0.00199413
      3072,0.00199389
      3584,0.00199103
      4096,0.00199389
      5120,0.00196600
      6144,0.00199389
      7168,0.00199413
      8192,0.00199294
     10240,0.00199413
     12288,0.00199389
     14336,0.00196600
     16384,0.00196600
     20480,0.00199294
     24576,0.00199413
     28672,0.00199509
     32768,0.00199389
     40960,0.00199389
     49152,0.00199389
     57344,0.00199389
     65536,0.00197196
     81920,0.00196314
     98304,0.00199509
    114688,0.00196695
    131072,0.00196505
    163840,0.00196695
    196608,0.00199413
    229376,0.00195909
    262144,0.00196600
    327680,0.00196600
    393216,0.00196600
    458752,0.00199103
    524288,0.00196505
    655360,0.00199413
    786432,0.00196409
    917504,0.00196695
   1048576,0.00196600
   1310720,0.00199318
   1572864,0.00199389
   1835008,0.00196600
   2097152,0.00199485
   2621440,0.00199389
   3145728,0.00196719
   3670016,0.00199199
   4194304,0.00196505
   5242880,0.00199413
   6291456,0.00199389
   7340032,0.00199509
   8388608,0.00199389
  10485760,0.00196409
  12582912,0.00199509
  14680064,0.00199413
  16777216,0.00199509
  20971520,0.00198603
  25165824,0.00199389
  29360128,0.00196600
  33554432,0.00199485
  41943040,0.00199413
  50331648,0.00199199
  58720256,0.00196600
  67108864,0.00196600
  83886080,0.00199103
 100663296,0.00196600
 117440512,0.00199413
 134217728,0.00198698
