Size,Runtime
(bytes),(seconds)
      2560,0.00196600
      3072,0.00199389
      3584,0.00199485
      4096,0.00199103
      5120,0.00196600
      6144,0.00199199
      7168,0.00196600
      8192,0.00199389
     10240,0.00199080
     12288,0.00199413
     14336,0.00196505
     16384,0.00196505
     20480,0.00199103
     24576,0.00199389
     28672,0.00199413
     32768,0.00196815
     40960,0.00199413
     49152,0.00196505
     57344,0.00199795
     65536,0.00199509
     81920,0.00202298
     98304,0.00199294
    114688,0.00199294
    131072,0.00197196
    163840,0.00196600
    196608,0.00199389
    229376,0.00196385
    262144,0.00199413
    327680,0.00196600
    393216,0.00199509
    458752,0.00199413
    524288,0.00196600
    655360,0.00199485
    786432,0.00196600
    917504,0.00196600
   1048576,0.00199413
   1310720,0.00196314
   1572864,0.00199318
   1835008,0.00196385
   2097152,0.00199389
   2621440,0.00199413
   3145728,0.00199509
   3670016,0.00199199
   4194304,0.00199389
   5242880,0.00196695
   6291456,0.00199509
   7340032,0.00199485
   8388608,0.00196600
  10485760,0.00199509
  12582912,0.00199413
  14680064,0.00199699
  16777216,0.00199389
  20971520,0.00199413
  25165824,0.00196409
  29360128,0.00199318
  33554432,0.00199389
  41943040,0.00196719
  50331648,0.00199389
  58720256,0.00199389
  67108864,0.00199413
  83886080,0.00196600
 100663296,0.00198007
 117440512,0.00199485
 134217728,0.00198889
