Size,Runtime
(bytes),(seconds)
      2560,0.00196695
      3072,0.00199389
      3584,0.00199485
      4096,0.00196695
      5120,0.00199199
      6144,0.00196505
      7168,0.00196600
      8192,0.00196600
     10240,0.00199389
     12288,0.00199413
     14336,0.00199413
     16384,0.00198293
     20480,0.00199199
     24576,0.00199389
     28672,0.00198293
     32768,0.00199485
     40960,0.00199509
     49152,0.00199199
     57344,0.00199294
     65536,0.00196385
     81920,0.00199199
     98304,0.00199199
    114688,0.00199509
    131072,0.00196314
    163840,0.00199389
    196608,0.00199413
    229376,0.00202417
    262144,0.00199413
    327680,0.00196600
    393216,0.00196695
    458752,0.00201893
    524288,0.00196600
    655360,0.00196505
    786432,0.00199509
    917504,0.00199413
   1048576,0.00199485
   1310720,0.00199413
   1572864,0.00196886
   1835008,0.00199294
   2097152,0.00199413
   2621440,0.00196600
   3145728,0.00199103
   3670016,0.00199413
   4194304,0.00199509
   5242880,0.00196505
   6291456,0.00198412
   7340032,0.00199509
   8388608,0.00199389
  10485760,0.00196719
  12582912,0.00199389
  14680064,0.00199485
  16777216,0.00199485
  20971520,0.00199413
  25165824,0.00199413
  29360128,0.00196409
  33554432,0.00196600
  41943040,0.00199509
  50331648,0.00199294
  58720256,0.00199389
  67108864,0.00199294
  83886080,0.00199509
 100663296,0.00196695
 117440512,0.00199413
 134217728,0.00199509
