Size,Runtime
(bytes),(seconds)
      2560,0.00199389
      3072,0.00199413
      3584,0.00199413
      4096,0.00199485
      5120,0.00199294
      6144,0.00196290
      7168,0.00265718
      8192,0.00196385
     10240,0.00199413
     12288,0.00196481
     14336,0.00199509
     16384,0.00199413
     20480,0.00199485
     24576,0.00199413
     28672,0.00199389
     32768,0.00199413
     40960,0.00199485
     49152,0.00196409
     57344,0.00199413
     65536,0.00199199
     81920,0.00199103
     98304,0.00197387
    114688,0.00199294
    131072,0.00199199
    163840,0.00196481
    196608,0.00196600
    229376,0.00198483
    262144,0.00196600
    327680,0.00199294
    393216,0.00200415
    458752,0.00199199
    524288,0.00199413
    655360,0.00299001
    786432,0.00199509
    917504,0.00199413
   1048576,0.00199485
   1310720,0.00199485
   1572864,0.00199389
   1835008,0.00196314
   2097152,0.00199485
   2621440,0.00196600
   3145728,0.00199389
   3670016,0.00199413
   4194304,0.00196719
   5242880,0.00199389
   6291456,0.00199389
   7340032,0.00199199
   8388608,0.00199509
  10485760,0.00197601
  12582912,0.00196886
  14680064,0.00199604
  16777216,0.00199199
  20971520,0.00199199
  25165824,0.00197005
  29360128,0.00199389
  33554432,0.00199389
  41943040,0.00199604
  50331648,0.00199199
  58720256,0.00196600
  67108864,0.00199485
  83886080,0.00199294
 100663296,0.00198197
 117440512,0.00196695
 134217728,0.00197196
