Size,Runtime
(bytes),(seconds)
      2560,0.00198984
      3072,0.00199318
      3584,0.00196409
      4096,0.00195718
      5120,0.00199413
      6144,0.00199413
      7168,0.00199413
      8192,0.00199389
     10240,0.00199294
     12288,0.00199389
     14336,0.00199389
     16384,0.00196600
     20480,0.00199413
     24576,0.00199485
     28672,0.00196600
     32768,0.00199413
     40960,0.00199389
     49152,0.00199389
     57344,0.00199389
     65536,0.00199389
     81920,0.00199413
     98304,0.00199294
    114688,0.00198984
    131072,0.00196505
    163840,0.00199389
    196608,0.00199103
    229376,0.00199413
    262144,0.00199389
    327680,0.00199103
    393216,0.00196600
    458752,0.00196600
    524288,0.00199389
    655360,0.00198913
    786432,0.00196314
    917504,0.00199485
   1048576,0.00199413
   1310720,0.00196195
   1572864,0.00199413
   1835008,0.00199485
   2097152,0.00199294
   2621440,0.00199389
   3145728,0.00198913
   3670016,0.00199413
   4194304,0.00199389
   5242880,0.00199389
   6291456,0.00199413
   7340032,0.00199389
   8388608,0.00196481
  10485760,0.00199389
  12582912,0.00199294
  14680064,0.00196600
  16777216,0.00196600
  20971520,0.00199008
  25165824,0.00199413
  29360128,0.00196505
  33554432,0.00199080
  41943040,0.00199318
  50331648,0.00199413
  58720256,0.00196600
  67108864,0.00199294
  83886080,0.00199485
 100663296,0.00199080
 117440512,0.00196719
 134217728,0.00199389
