Size,Runtime
(bytes),(seconds)
      2560,0.00199699
      3072,0.00199389
      3584,0.00199389
      4096,0.00199413
      5120,0.00199199
      6144,0.00199389
      7168,0.00196505
      8192,0.00196600
     10240,0.00199413
     12288,0.00199389
     14336,0.00196385
     16384,0.00196505
     20480,0.00196195
     24576,0.00196481
     28672,0.00196600
     32768,0.00199389
     40960,0.00199294
     49152,0.00199199
     57344,0.00199389
     65536,0.00199199
     81920,0.00199389
     98304,0.00199413
    114688,0.00199485
    131072,0.00199318
    163840,0.00196600
    196608,0.00199485
    229376,0.00199389
    262144,0.00199413
    327680,0.00199103
    393216,0.00196600
    458752,0.00199389
    524288,0.00196886
    655360,0.00199389
    786432,0.00199389
    917504,0.00199413
   1048576,0.00199485
   1310720,0.00199413
   1572864,0.00196791
   1835008,0.00196791
   2097152,0.00199389
   2621440,0.00199485
   3145728,0.00199413
   3670016,0.00199389
   4194304,0.00199413
   5242880,0.00199509
   6291456,0.00199413
   7340032,0.00199389
   8388608,0.00199413
  10485760,0.00196910
  12582912,0.00199389
  14680064,0.00199413
  16777216,0.00196409
  20971520,0.00199389
  25165824,0.00199389
  29360128,0.00196600
  33554432,0.00196505
  41943040,0.00196695
  50331648,0.00196409
  58720256,0.00196600
  67108864,0.00199389
  83886080,0.00199413
 100663296,0.00199389
 117440512,0.00199389
 134217728,0.00196600
